Date;Case;Death;Recovered;Month;Season;Weekday;Weekend;OfficailHoliday;BusinessDay;Doses_admin;People_partially_vaccinated;People_fully_vaccinated
11.03.2020;1;0;0;3;2;1;0;0;0;0;0;0
12.03.2020;1;0;0;3;2;1;0;0;0;0;0;0
13.03.2020;5;0;0;3;2;1;0;0;0;0;0;0
14.03.2020;5;0;0;3;2;0;1;0;1;0;0;0
15.03.2020;6;0;0;3;2;0;1;0;1;0;0;0
16.03.2020;18;0;0;3;2;1;0;0;0;0;0;0
17.03.2020;47;1;0;3;2;1;0;0;0;0;0;0
18.03.2020;98;1;0;3;2;1;0;0;0;0;0;0
19.03.2020;192;3;0;3;2;1;0;0;0;0;0;0
20.03.2020;359;4;0;3;2;1;0;0;0;0;0;0
21.03.2020;670;9;0;3;2;0;1;0;1;0;0;0
22.03.2020;1236;30;0;3;2;0;1;0;1;0;0;0
23.03.2020;1529;37;0;3;2;1;0;0;0;0;0;0
24.03.2020;1872;44;0;3;2;1;0;0;0;0;0;0
25.03.2020;2433;59;26;3;2;1;0;0;0;0;0;0
26.03.2020;3629;75;26;3;2;1;0;0;0;0;0;0
27.03.2020;5698;92;42;3;2;1;0;0;0;0;0;0
28.03.2020;7402;108;70;3;2;0;1;0;1;0;0;0
29.03.2020;9217;131;105;3;2;0;1;0;1;0;0;0
30.03.2020;10827;168;162;3;2;1;0;0;0;0;0;0
31.03.2020;13531;214;243;3;2;1;0;0;0;0;0;0
1.04.2020;15679;277;333;4;2;1;0;0;0;0;0;0
2.04.2020;18135;356;415;4;2;1;0;0;0;0;0;0
3.04.2020;20921;425;484;4;2;1;0;0;0;0;0;0
4.04.2020;23934;501;786;4;2;0;1;0;1;0;0;0
5.04.2020;27069;574;1042;4;2;0;1;0;1;0;0;0
6.04.2020;30217;649;1326;4;2;1;0;0;0;0;0;0
7.04.2020;34109;725;1582;4;2;1;0;0;0;0;0;0
8.04.2020;38226;812;1846;4;2;1;0;0;0;0;0;0
9.04.2020;42282;908;2142;4;2;1;0;0;0;0;0;0
10.04.2020;47029;1006;2423;4;2;1;0;0;0;0;0;0
11.04.2020;52167;1101;2965;4;2;0;1;0;1;0;0;0
12.04.2020;56956;1198;3446;4;2;0;1;0;1;0;0;0
13.04.2020;61049;1296;3957;4;2;1;0;0;0;0;0;0
14.04.2020;65111;1403;4799;4;2;1;0;0;0;0;0;0
15.04.2020;69392;1518;5674;4;2;1;0;0;0;0;0;0
16.04.2020;74193;1643;7089;4;2;1;0;0;0;0;0;0
17.04.2020;78546;1769;8631;4;2;1;0;0;0;0;0;0
18.04.2020;82329;1890;10453;4;2;0;1;0;1;0;0;0
19.04.2020;86306;2017;11976;4;2;0;1;0;1;0;0;0
20.04.2020;90980;2140;13430;4;2;1;0;0;0;0;0;0
21.04.2020;95591;2259;14918;4;2;1;0;0;0;0;0;0
22.04.2020;98674;2376;16477;4;2;1;0;0;0;0;0;0
23.04.2020;101790;2491;18491;4;2;1;0;1;1;0;0;0
24.04.2020;104912;2600;21737;4;2;1;0;0;0;0;0;0
25.04.2020;107773;2706;25582;4;2;0;1;0;1;0;0;0
26.04.2020;110130;2805;29140;4;2;0;1;0;1;0;0;0
27.04.2020;112261;2900;33791;4;2;1;0;0;0;0;0;0
28.04.2020;114653;2992;38809;4;2;1;0;0;0;0;0;0
29.04.2020;117589;3081;44040;4;2;1;0;0;0;0;0;0
30.04.2020;120204;3174;48886;4;2;1;0;0;0;0;0;0
1.05.2020;122392;3258;53808;5;2;1;0;1;1;0;0;0
2.05.2020;124375;3336;58259;5;2;0;1;0;1;0;0;0
3.05.2020;126045;3397;63151;5;2;0;1;0;1;0;0;0
4.05.2020;127659;3461;68166;5;2;1;0;0;0;0;0;0
5.05.2020;129491;3520;73285;5;2;1;0;0;0;0;0;0
6.05.2020;131744;3584;78202;5;2;1;0;0;0;0;0;0
7.05.2020;133721;3641;82984;5;2;1;0;0;0;0;0;0
8.05.2020;135569;3689;86396;5;2;1;0;0;0;0;0;0
9.05.2020;137115;3739;89480;5;2;0;1;0;1;0;0;0
10.05.2020;138657;3786;92691;5;2;0;1;0;1;0;0;0
11.05.2020;139771;3841;95780;5;2;1;0;0;0;0;0;0
12.05.2020;141475;3894;98889;5;2;1;0;0;0;0;0;0
13.05.2020;143114;3952;101715;5;2;1;0;0;0;0;0;0
14.05.2020;144749;4007;104030;5;2;1;0;0;0;0;0;0
15.05.2020;146457;4055;106133;5;2;1;0;0;0;0;0;0
16.05.2020;148067;4096;108137;5;2;0;1;0;1;0;0;0
17.05.2020;149435;4140;109962;5;2;0;1;0;1;0;0;0
18.05.2020;150593;4171;111577;5;2;1;0;0;0;0;0;0
19.05.2020;151615;4199;112895;5;2;1;0;1;1;0;0;0
20.05.2020;152587;4222;113987;5;2;1;0;0;0;0;0;0
21.05.2020;153548;4249;114990;5;2;1;0;0;0;0;0;0
22.05.2020;154500;4276;116111;5;2;1;0;0;0;0;0;0
23.05.2020;155686;4308;117602;5;2;0;1;1;1;0;0;0
24.05.2020;156827;4340;118694;5;2;0;1;1;1;0;0;0
25.05.2020;157814;4369;120015;5;2;1;0;1;1;0;0;0
26.05.2020;158762;4397;121507;5;2;1;0;1;1;0;0;0
27.05.2020;159797;4431;122793;5;2;1;0;0;0;0;0;0
28.05.2020;160979;4461;124369;5;2;1;0;0;0;0;0;0
29.05.2020;162120;4489;125963;5;2;1;0;0;0;0;0;0
30.05.2020;163103;4515;126984;5;2;0;1;0;1;0;0;0
31.05.2020;163942;4540;127973;5;2;0;1;0;1;0;0;0
1.06.2020;164769;4563;128947;6;3;1;0;0;0;0;0;0
2.06.2020;165555;4585;129921;6;3;1;0;0;0;0;0;0
3.06.2020;166422;4609;130852;6;3;1;0;0;0;0;0;0
4.06.2020;167410;4630;131778;6;3;1;0;0;0;0;0;0
5.06.2020;168340;4648;133400;6;3;1;0;0;0;0;0;0
6.06.2020;169218;4669;135322;6;3;0;1;0;1;0;0;0
7.06.2020;170132;4692;137969;6;3;0;1;0;1;0;0;0
8.06.2020;171121;4711;141380;6;3;1;0;0;0;0;0;0
9.06.2020;172114;4729;144598;6;3;1;0;0;0;0;0;0
10.06.2020;173036;4746;146839;6;3;1;0;0;0;0;0;0
11.06.2020;174023;4763;147860;6;3;1;0;0;0;0;0;0
12.06.2020;175218;4778;149102;6;3;1;0;0;0;0;0;0
13.06.2020;176677;4792;150087;6;3;0;1;0;1;0;0;0
14.06.2020;178239;4807;151417;6;3;0;1;0;1;0;0;0
15.06.2020;179831;4825;152364;6;3;1;0;0;0;0;0;0
16.06.2020;181298;4842;153379;6;3;1;0;0;0;0;0;0
17.06.2020;182727;4861;154640;6;3;1;0;0;0;0;0;0
18.06.2020;184031;4882;156022;6;3;1;0;0;0;0;0;0
19.06.2020;185245;4905;157516;6;3;1;0;0;0;0;0;0
20.06.2020;186493;4927;158828;6;3;0;1;0;1;0;0;0
21.06.2020;187685;4950;160240;6;3;0;1;0;1;0;0;0
22.06.2020;188897;4974;161533;6;3;1;0;0;0;0;0;0
23.06.2020;190165;5001;162848;6;3;1;0;0;0;0;0;0
24.06.2020;191657;5025;164234;6;3;1;0;0;0;0;0;0
25.06.2020;193115;5046;165706;6;3;1;0;0;0;0;0;0
26.06.2020;194511;5065;167198;6;3;1;0;0;0;0;0;0
27.06.2020;195883;5082;169182;6;3;0;1;0;1;0;0;0
28.06.2020;197239;5097;170595;6;3;0;1;0;1;0;0;0
29.06.2020;198613;5115;171809;6;3;1;0;0;0;0;0;0
30.06.2020;199906;5131;173111;6;3;1;0;0;0;0;0;0
1.07.2020;201098;5150;175422;7;3;1;0;0;0;0;0;0
2.07.2020;202284;5167;176965;7;3;1;0;0;0;0;0;0
3.07.2020;203456;5186;178278;7;3;1;0;0;0;0;0;0
4.07.2020;204610;5206;179492;7;3;0;1;0;1;0;0;0
5.07.2020;205758;5225;180680;7;3;0;1;0;1;0;0;0
6.07.2020;206844;5241;182995;7;3;1;0;0;0;0;0;0
7.07.2020;207897;5260;185292;7;3;1;0;0;0;0;0;0
8.07.2020;208938;5282;187511;7;3;1;0;0;0;0;0;0
9.07.2020;209962;5300;190390;7;3;1;0;0;0;0;0;0
10.07.2020;210965;5323;191883;7;3;1;0;0;0;0;0;0
11.07.2020;211981;5344;193217;7;3;0;1;0;1;0;0;0
12.07.2020;212993;5363;194515;7;3;0;1;0;1;0;0;0
13.07.2020;214001;5382;195671;7;3;1;0;0;0;0;0;0
14.07.2020;214993;5402;196720;7;3;1;0;0;0;0;0;0
15.07.2020;215940;5419;197733;7;3;1;0;1;1;0;0;0
16.07.2020;216873;5440;198820;7;3;1;0;0;0;0;0;0
17.07.2020;217799;5458;199834;7;3;1;0;0;0;0;0;0
18.07.2020;218717;5475;201013;7;3;0;1;0;1;0;0;0
19.07.2020;219641;5491;202010;7;3;0;1;0;1;0;0;0
20.07.2020;220572;5508;203002;7;3;1;0;0;0;0;0;0
21.07.2020;221500;5526;204011;7;3;1;0;0;0;0;0;0
22.07.2020;222402;5545;205214;7;3;1;0;0;0;0;0;0
23.07.2020;223315;5563;206365;7;3;1;0;0;0;0;0;0
24.07.2020;224252;5580;207374;7;3;1;0;0;0;0;0;0
25.07.2020;225173;5596;208477;7;3;0;1;0;1;0;0;0
26.07.2020;226100;5613;209487;7;3;0;1;0;1;0;0;0
27.07.2020;227019;5630;210469;7;3;1;0;0;0;0;0;0
28.07.2020;227982;5645;211561;7;3;1;0;0;0;0;0;0
29.07.2020;228924;5659;212557;7;3;1;0;0;0;0;0;0
30.07.2020;229891;5674;213539;7;3;1;0;1;1;0;0;0
31.07.2020;230873;5691;214535;7;3;1;0;1;1;0;0;0
1.08.2020;231869;5710;215516;8;3;0;1;1;1;0;0;0
2.08.2020;232856;5728;216494;8;3;0;1;1;1;0;0;0
3.08.2020;233851;5747;217497;8;3;1;0;1;1;0;0;0
4.08.2020;234934;5765;218491;8;3;1;0;0;0;0;0;0
5.08.2020;236112;5784;219506;8;3;1;0;0;0;0;0;0
6.08.2020;237265;5798;220546;8;3;1;0;0;0;0;0;0
7.08.2020;238450;5813;221574;8;3;1;0;0;0;0;0;0
8.08.2020;239622;5829;222656;8;3;0;1;0;1;0;0;0
9.08.2020;240804;5844;223759;8;3;0;1;0;1;0;0;0
10.08.2020;241997;5858;224970;8;3;1;0;0;0;0;0;0
11.08.2020;243180;5873;226155;8;3;1;0;0;0;0;0;0
12.08.2020;244392;5891;227089;8;3;1;0;0;0;0;0;0
13.08.2020;245635;5912;228057;8;3;1;0;0;0;0;0;0
14.08.2020;246861;5934;228980;8;3;1;0;0;0;0;0;0
15.08.2020;248117;5955;229972;8;3;0;1;0;1;0;0;0
16.08.2020;249309;5974;230969;8;3;0;1;0;1;0;0;0
17.08.2020;250542;5996;231971;8;3;1;0;0;0;0;0;0
18.08.2020;251805;6016;232913;8;3;1;0;0;0;0;0;0
19.08.2020;253108;6039;233915;8;3;1;0;0;0;0;0;0
20.08.2020;254520;6058;234797;8;3;1;0;0;0;0;0;0
21.08.2020;255723;6080;235569;8;3;1;0;0;0;0;0;0
22.08.2020;257032;6102;236370;8;3;0;1;0;1;0;0;0
23.08.2020;258249;6121;237165;8;3;0;1;0;1;0;0;0
24.08.2020;259692;6139;237908;8;3;1;0;0;0;0;0;0
25.08.2020;261194;6163;238795;8;3;1;0;0;0;0;0;0
26.08.2020;262507;6183;239797;8;3;1;0;0;0;0;0;0
27.08.2020;263998;6209;240792;8;3;1;0;0;0;0;0;0
28.08.2020;265515;6245;241809;8;3;1;0;0;0;0;0;0
29.08.2020;267064;6284;242812;8;3;0;1;0;1;0;0;0
30.08.2020;268546;6326;243839;8;3;0;1;1;1;0;0;0
31.08.2020;270133;6370;244926;8;3;1;0;0;0;0;0;0
1.09.2020;271705;6417;245929;9;4;1;0;0;0;0;0;0
2.09.2020;273301;6462;246876;9;4;1;0;0;0;0;0;0
3.09.2020;274943;6511;248087;9;4;1;0;0;0;0;0;0
4.09.2020;276555;6564;249108;9;4;1;0;0;0;0;0;0
5.09.2020;278228;6620;250092;9;4;0;1;0;1;0;0;0
6.09.2020;279806;6673;251105;9;4;0;1;0;1;0;0;0
7.09.2020;281509;6730;252152;9;4;1;0;0;0;0;0;0
8.09.2020;283270;6782;253245;9;4;1;0;0;0;0;0;0
9.09.2020;284943;6837;254188;9;4;1;0;0;0;0;0;0
10.09.2020;286455;6895;255407;9;4;1;0;0;0;0;0;0
11.09.2020;288126;6951;256524;9;4;1;0;0;0;0;0;0
12.09.2020;289635;6999;257731;9;4;0;1;0;1;0;0;0
13.09.2020;291162;7056;258833;9;4;0;1;0;1;0;0;0
14.09.2020;292878;7119;260058;9;4;1;0;0;0;0;0;0
15.09.2020;294620;7186;261260;9;4;1;0;0;0;0;0;0
16.09.2020;296391;7249;262602;9;4;1;0;0;0;0;0;0
17.09.2020;298039;7315;263745;9;4;1;0;0;0;0;0;0
18.09.2020;299810;7377;264805;9;4;1;0;0;0;0;0;0
19.09.2020;301348;7445;266117;9;4;0;1;0;1;0;0;0
20.09.2020;302867;7506;267233;9;4;0;1;0;1;0;0;0
21.09.2020;304610;7574;268435;9;4;1;0;0;0;0;0;0
22.09.2020;306302;7639;269696;9;4;1;0;0;0;0;0;0
23.09.2020;308069;7711;270723;9;4;1;0;0;0;0;0;0
24.09.2020;309790;7785;271964;9;4;1;0;0;0;0;0;0
25.09.2020;311455;7858;273282;9;4;1;0;0;0;0;0;0
26.09.2020;312966;7929;274514;9;4;0;1;0;1;0;0;0
27.09.2020;314433;7997;275630;9;4;0;1;0;1;0;0;0
28.09.2020;315845;8062;277052;9;4;1;0;0;0;0;0;0
29.09.2020;317272;8130;278504;9;4;1;0;0;0;0;0;0
30.09.2020;318663;8195;279749;9;4;1;0;0;0;0;0;0
1.10.2020;320070;8262;281151;10;4;1;0;0;0;0;0;0
2.10.2020;321512;8325;282657;10;4;1;0;0;0;0;0;0
3.10.2020;323014;8384;283868;10;4;0;1;0;1;0;0;0
4.10.2020;324443;8441;285050;10;4;0;1;0;1;0;0;0
5.10.2020;326046;8498;286370;10;4;1;0;0;0;0;0;0
6.10.2020;327557;8553;287599;10;4;1;0;0;0;0;0;0
7.10.2020;329138;8609;288954;10;4;1;0;0;0;0;0;0
8.10.2020;330753;8667;290352;10;4;1;0;0;0;0;0;0
9.10.2020;332382;8722;291754;10;4;1;0;0;0;0;0;0
10.10.2020;334031;8778;293145;10;4;0;1;0;1;0;0;0
11.10.2020;335533;8837;294357;10;4;0;1;0;1;0;0;0
12.10.2020;337147;8895;295658;10;4;1;0;0;0;0;0;0
13.10.2020;338779;8957;296972;10;4;1;0;0;0;0;0;0
14.10.2020;340450;9014;298368;10;4;1;0;0;0;0;0;0
15.10.2020;342143;9080;299679;10;4;1;0;0;0;0;0;0
16.10.2020;343955;9153;301098;10;4;1;0;0;0;0;0;0
17.10.2020;345678;9224;302499;10;4;0;1;0;1;0;0;0
18.10.2020;347493;9296;304003;10;4;0;1;0;1;0;0;0
19.10.2020;349519;9371;305427;10;4;1;0;0;0;0;0;0
20.10.2020;351413;9445;306939;10;4;1;0;0;0;0;0;0
21.10.2020;353426;9513;308446;10;4;1;0;0;0;0;0;0
22.10.2020;355528;9584;310027;10;4;1;0;0;0;0;0;0
23.10.2020;357693;9658;311520;10;4;1;0;0;0;0;0;0
24.10.2020;359784;9727;313093;10;4;0;1;0;1;0;0;0
25.10.2020;361801;9799;314390;10;4;0;1;0;1;0;0;0
26.10.2020;363999;9874;316008;10;4;1;0;0;0;0;0;0
27.10.2020;366208;9950;317519;10;4;1;0;0;0;0;0;0
28.10.2020;368513;10027;319181;10;4;1;0;1;1;0;0;0
29.10.2020;370832;10099;320762;10;4;1;0;1;1;0;0;0
30.10.2020;373154;10177;322465;10;4;1;0;0;0;0;0;0
31.10.2020;375367;10252;323971;10;4;0;1;0;1;0;0;0
1.11.2020;377473;10326;325486;11;4;0;1;0;1;0;0;0
2.11.2020;379775;10402;327007;11;4;1;0;0;0;0;0;0
3.11.2020;382118;10481;328824;11;4;1;0;0;0;0;0;0
4.11.2020;384509;10558;330665;11;4;1;0;0;0;0;0;0
5.11.2020;386820;10639;332379;11;4;1;0;0;0;0;0;0
6.11.2020;389256;10722;334293;11;4;1;0;0;0;0;0;0
7.11.2020;391739;10803;336221;11;4;0;1;0;1;0;0;0
8.11.2020;394255;10887;338239;11;4;0;1;0;1;0;0;0
9.11.2020;396831;10972;340286;11;4;1;0;0;0;0;0;0
10.11.2020;399360;11059;342501;11;4;1;0;0;0;0;0;0
11.11.2020;402053;11145;344613;11;4;1;0;0;0;0;0;0
12.11.2020;404894;11233;346794;11;4;1;0;0;0;0;0;0
13.11.2020;407939;11326;348804;11;4;1;0;0;0;0;0;0
14.11.2020;411055;11418;351102;11;4;0;1;0;1;0;0;0
15.11.2020;414278;11507;353663;11;4;0;1;0;1;0;0;0
16.11.2020;417594;11601;356375;11;4;1;0;0;0;0;0;0
17.11.2020;421413;11704;359063;11;4;1;0;0;0;0;0;0
18.11.2020;425628;11820;361655;11;4;1;0;0;0;0;0;0
19.11.2020;430170;11943;364573;11;4;1;0;0;0;0;0;0
20.11.2020;435273;12084;367592;11;4;1;0;0;0;0;0;0
21.11.2020;440805;12219;370825;11;4;0;1;0;1;0;0;0
22.11.2020;446822;12358;374637;11;4;0;1;0;1;0;0;0
23.11.2020;453535;12511;377891;11;4;1;0;0;0;0;0;0
24.11.2020;460916;12672;381569;11;4;1;0;0;0;0;0;0
25.11.2020;467730;12840;385480;11;4;1;0;0;0;0;0;0
26.11.2020;503738;13014;388771;11;4;1;0;0;0;0;0;0
27.11.2020;548244;13191;392616;11;4;1;0;0;0;0;0;0
28.11.2020;578347;13373;396227;11;4;0;1;0;1;0;0;0
29.11.2020;607628;13558;400242;11;4;0;1;0;1;0;0;0
30.11.2020;638847;13746;404727;11;4;1;0;0;0;0;0;0
1.12.2020;668957;13936;409320;12;1;1;0;0;0;0;0;0
2.12.2020;700880;14129;414141;12;1;1;0;0;0;0;0;0
3.12.2020;733261;14316;418331;12;1;1;0;0;0;0;0;0
4.12.2020;765997;14509;423142;12;1;1;0;0;0;0;0;0
5.12.2020;797893;14705;427242;12;1;0;1;0;1;0;0;0
6.12.2020;828295;14900;431253;12;1;0;1;0;1;0;0;0
7.12.2020;860432;15103;436270;12;1;1;0;0;0;0;0;0
8.12.2020;893630;15314;441515;12;1;1;0;0;0;0;0;0
9.12.2020;925342;15531;447361;12;1;1;0;0;0;0;0;0
10.12.2020;1748567;15751;452593;12;1;1;0;0;0;0;0;0
11.12.2020;1780673;15977;458109;12;1;1;0;0;0;0;0;0
12.12.2020;1809809;16199;1581565;12;1;0;1;0;1;0;0;0
13.12.2020;1836728;16417;1603780;12;1;0;1;0;1;0;0;0
14.12.2020;1866345;16646;1631944;12;1;1;0;0;0;0;0;0
15.12.2020;1898447;16881;1661191;12;1;1;0;0;0;0;0;0
16.12.2020;1928165;17121;1691113;12;1;1;0;0;0;0;0;0
17.12.2020;1955680;17364;1721607;12;1;1;0;0;0;0;0;0
18.12.2020;1982090;17610;1753552;12;1;1;0;0;0;0;0;0
19.12.2020;2004285;17851;1779068;12;1;0;1;0;1;0;0;0
20.12.2020;2024601;18097;1800286;12;1;0;1;0;1;0;0;0
21.12.2020;2043704;18351;1834705;12;1;1;0;0;0;0;0;0
22.12.2020;2062960;18602;1866815;12;1;1;0;0;0;0;0;0
23.12.2020;2082610;18861;1901307;12;1;1;0;0;0;0;0;0
24.12.2020;2100712;19115;1935292;12;1;1;0;0;0;0;0;0
25.12.2020;2118255;19371;1970803;12;1;1;0;0;0;0;0;0
26.12.2020;2133373;19624;1994034;12;1;0;1;0;1;0;0;0
27.12.2020;2147578;19878;2015230;12;1;0;1;0;1;0;0;0
28.12.2020;2162775;20135;2037433;12;1;1;0;0;0;0;0;0
29.12.2020;2178580;20388;2058437;12;1;1;0;0;0;0;0;0
30.12.2020;2194272;20642;2078629;12;1;1;0;0;0;0;0;0
31.12.2020;2208652;20881;2100650;12;1;1;0;0;0;0;0;0
1.01.2021;2220855;21093;2114760;1;1;1;0;1;1;0;0;0
2.01.2021;2232035;21295;2126432;1;1;0;1;0;1;0;0;0
3.01.2021;2241912;21488;2136534;1;1;0;1;0;1;0;0;0
4.01.2021;2255607;21685;2146430;1;1;1;0;0;0;0;0;0
5.01.2021;2270101;21879;2155338;1;1;1;0;0;0;0;0;0
6.01.2021;2283931;22070;2164040;1;1;1;0;0;0;0;0;0
7.01.2021;2296102;22264;2172251;1;1;1;0;0;0;0;0;0
8.01.2021;2307581;22450;2182145;1;1;1;0;0;0;0;0;0
9.01.2021;2317118;22631;2190047;1;1;0;1;0;1;0;0;0
10.01.2021;2326256;22807;2198150;1;1;0;1;0;1;0;0;0
11.01.2021;2336476;22981;2208451;1;1;1;0;0;0;0;0;0
12.01.2021;2346285;23152;2218464;1;1;1;0;0;0;0;0;0
13.01.2021;2355839;23325;2227927;1;1;1;0;0;0;0;0;0
14.01.2021;2364801;23495;2236938;1;1;1;0;0;0;279452;0;0
15.01.2021;2373115;23664;2246047;1;1;1;0;0;0;616652;0;0
16.01.2021;2380665;23832;2254052;1;1;0;1;0;1;676903;0;0
17.01.2021;2387101;23997;2262864;1;1;0;1;0;1;706451;0;0
18.01.2021;2392963;24161;2270769;1;1;1;0;0;0;832412;0;0
19.01.2021;2399781;24328;2277987;1;1;1;0;0;0;950635;0;0
20.01.2021;2406216;24487;2283919;1;1;1;0;0;0;1052493;0;0
21.01.2021;2412505;24640;2290032;1;1;1;0;0;0;1120258;0;0
22.01.2021;2418472;24789;2296050;1;1;1;0;0;0;1202212;0;0
23.01.2021;2424328;24933;2301861;1;1;0;1;0;1;1226883;0;0
24.01.2021;2429605;25073;2307721;1;1;0;1;0;1;1244653;0;0
25.01.2021;2435247;25210;2314403;1;1;1;0;0;0;1302753;0;0
26.01.2021;2442350;25344;2322511;1;1;1;0;0;0;1410273;0;0
27.01.2021;2449839;25476;2331314;1;1;1;0;0;0;1522580;0;0
28.01.2021;2457118;25605;2340216;1;1;1;0;0;0;1697575;0;0
29.01.2021;2464030;25736;2348309;1;1;1;0;0;0;1928351;0;0
30.01.2021;2470901;25865;2355409;1;1;0;1;0;1;1960860;0;0
31.01.2021;2477463;25993;2362415;1;1;0;1;0;1;1986237;0;0
1.02.2021;2485182;26117;2370431;2;1;1;0;0;0;2136299;0;0
2.02.2021;2492977;26237;2379070;2;1;1;0;0;0;2229233;0;0
3.02.2021;2501079;26354;2387384;2;1;1;0;0;0;2343280;0;0
4.02.2021;2508988;26467;2396199;2;1;1;0;0;0;2500806;0;0
5.02.2021;2516889;26577;2404416;2;1;1;0;0;0;2559802;0;0
6.02.2021;2524786;26685;2412505;2;1;0;1;0;1;2601717;0;0
7.02.2021;2531456;26797;2420706;2;1;0;1;0;1;2610496;0;0
8.02.2021;2539559;26900;2429273;2;1;1;0;0;0;2664203;0;0
9.02.2021;2548195;26998;2437382;2;1;1;0;0;0;2732709;0;0
10.02.2021;2556837;27093;2445285;2;1;1;0;0;0;2795116;0;0
11.02.2021;2564427;27187;2453096;2;1;1;0;0;0;2846125;0;0
12.02.2021;2572190;27284;2461204;2;1;1;0;0;0;3404354;3067822;336532
13.02.2021;2579896;27377;2468419;2;1;0;1;0;1;3709896;3253005;456891
14.02.2021;2586183;27471;2475329;2;1;0;1;0;1;3825101;3336164;488937
15.02.2021;2594128;27562;2482435;2;1;1;0;0;0;4182027;3608148;573879
16.02.2021;2602034;27652;2489624;2;1;1;0;0;0;4630784;3984622;646162
17.02.2021;2609359;27738;2496833;2;1;1;0;0;0;5223602;4477432;746170
18.02.2021;2616600;27821;2504050;2;1;1;0;0;0;5895295;5028179;867116
19.02.2021;2624019;27903;2511548;2;1;1;0;0;0;6361699;5384983;976716
20.02.2021;2631876;27983;2518758;2;1;0;1;0;1;6533510;5503094;1030416
21.02.2021;2638422;28060;2523760;2;1;0;1;0;1;6571830;5517993;1053837
22.02.2021;2646526;28138;2529450;2;1;1;0;0;0;6837302;5738471;1098831
23.02.2021;2655633;28213;2534996;2;1;1;0;0;0;7289498;6106522;1182976
24.02.2021;2665194;28285;2540293;2;1;1;0;0;0;7619695;6352410;1267285
25.02.2021;2674766;28358;2546503;2;1;1;0;0;0;7979726;6582239;1397487
26.02.2021;2683971;28432;2556785;2;1;1;0;0;0;8298805;6745147;1553658
27.02.2021;2693164;28503;2565723;2;1;0;1;0;1;8514775;6854642;1660133
28.02.2021;2701588;28569;2572234;2;1;0;1;0;1;8547875;6869923;1677952
1.03.2021;2711479;28638;2578181;3;2;1;0;0;0;8774718;6975558;1799160
2.03.2021;2723316;28706;2586073;3;2;1;0;0;0;9073640;7123722;1949918
3.03.2021;2734836;28771;2593264;3;2;1;0;0;0;9317546;7240515;2077031
4.03.2021;2746158;28839;2601137;3;2;1;0;0;0;9560038;7353536;2206502
5.03.2021;2757460;28901;2608848;3;2;1;0;0;0;9756289;7446337;2309952
6.03.2021;2769230;28965;2616139;3;2;0;1;0;1;9883607;7509923;2373684
7.03.2021;2780417;29030;2623924;3;2;0;1;0;1;9917348;7524943;2392405
8.03.2021;2793632;29094;2632030;3;2;1;0;0;0;10001980;7565023;2436957
9.03.2021;2807387;29160;2640669;3;2;1;0;0;0;10222994;7676519;2546475
10.03.2021;2821943;29227;2649862;3;2;1;0;0;0;10360283;7745480;2614803
11.03.2021;2835989;29290;2659093;3;2;1;0;0;0;10502494;7807838;2694656
12.03.2021;2850930;29356;2670273;3;2;1;0;0;0;10742277;7858565;2883712
13.03.2021;2866012;29421;2685560;3;2;0;1;0;1;10923284;7887544;3035740
14.03.2021;2879390;29489;2701076;3;2;0;1;0;1;10992095;7892795;3099300
15.03.2021;2894893;29552;2716969;3;2;1;0;0;0;11261612;7911946;3349666
16.03.2021;2911642;29623;2734862;3;2;1;0;0;0;11696296;7948320;3747976
17.03.2021;2930554;29696;2752023;3;2;1;0;0;0;12142245;7977222;4165023
18.03.2021;2950603;29777;2770638;3;2;1;0;0;0;12431482;7991510;4439972
19.03.2021;2971633;29864;2788757;3;2;1;0;0;0;12844577;8007734;4836843
20.03.2021;2992694;29959;2807572;3;2;0;1;0;1;13029754;8016078;5013676
21.03.2021;3013122;30061;2825187;3;2;0;1;0;1;13057722;8017698;5040024
22.03.2021;3035338;30178;2844681;3;2;1;0;0;0;13265952;8045789;5220163
23.03.2021;3061520;30316;2863882;3;2;1;0;0;0;13589167;8091685;5497482
24.03.2021;3091282;30462;2881643;3;2;1;0;0;0;13969867;8133043;5836824
25.03.2021;3120013;30619;2900829;3;2;1;0;0;0;14227410;8163156;6064254
26.03.2021;3149094;30772;2921037;3;2;1;0;0;0;14491247;8195554;6295693
27.03.2021;3179115;30923;2939929;3;2;0;1;0;1;14652659;8217124;6435535
28.03.2021;3208173;31076;2957093;3;2;0;1;0;1;14652659;8217124;6435535
29.03.2021;3240577;31230;2975108;3;2;1;0;0;0;14949260;8370872;6578388
30.03.2021;3277880;31385;2995033;3;2;1;0;0;0;15301462;8614368;6687094
31.03.2021;3317182;31537;3014226;3;2;1;0;0;0;15834787;8994454;6840333
1.04.2021;3357988;31713;3035043;4;2;1;0;0;0;16148683;9206500;6942183
2.04.2021;3400296;31892;3059462;4;2;1;0;0;0;16317170;9313746;7003424
3.04.2021;3445052;32078;3082676;4;2;0;1;0;1;16602919;9478896;7124023
4.04.2021;3487050;32263;3105350;4;2;0;1;0;1;16683067;9546643;7136424
5.04.2021;3529601;32456;3130977;4;2;1;0;0;0;16993574;9796506;7197068
6.04.2021;3579185;32667;3159475;4;2;1;0;0;0;17367875;10088238;7279637
7.04.2021;3633925;32943;3194978;4;2;1;0;0;0;17704888;10359390;7345498
8.04.2021;3689866;33201;3232892;4;2;1;0;0;0;18089783;10627037;7462746
9.04.2021;3745657;33454;3268678;4;2;1;0;0;0;18320384;10777451;7542933
10.04.2021;3798333;33702;3301217;4;2;0;1;0;1;18445354;10865731;7579623
11.04.2021;3849011;33939;3331411;4;2;0;1;0;1;18494796;10907432;7587364
12.04.2021;3903573;34182;3372629;4;2;1;0;0;0;18728978;11108847;7620131
13.04.2021;3962760;34455;3424733;4;2;1;0;0;0;19062758;11388406;7674352
14.04.2021;4025557;34734;3480146;4;2;1;0;0;0;19272675;11556291;7716384
15.04.2021;4086957;35031;3535040;4;2;1;0;0;0;19445269;11708135;7737134
16.04.2021;4150039;35320;3591550;4;2;1;0;0;0;19811774;12038403;7773371
17.04.2021;4212645;35608;3643734;4;2;0;1;0;1;19937359;12151728;7785631
18.04.2021;4268447;35926;3687590;4;2;0;1;0;1;19970215;12182430;7787785
19.04.2021;4323596;36267;3736537;4;2;1;0;0;0;20075504;12260361;7815143
20.04.2021;4384624;36613;3792129;4;2;1;0;0;0;20283227;12426580;7856647
21.04.2021;4446591;36975;3844342;4;2;1;0;0;0;20477685;12590582;7887103
22.04.2021;4501382;37329;3909935;4;2;1;0;0;0;20728975;12796678;7932297
23.04.2021;4550820;37672;3970111;4;2;1;0;1;1;20887427;12940482;7946945
24.04.2021;4591416;38011;4022408;4;2;0;1;0;1;21068403;13114373;7954030
25.04.2021;4629969;38358;4073644;4;2;0;1;0;1;21130963;13171984;7958979
26.04.2021;4667281;38711;4121671;4;2;1;0;0;0;21394785;13287707;8107078
27.04.2021;4710582;39057;4167263;4;2;1;0;0;0;21678461;13383037;8295424
28.04.2021;4751026;39398;4212461;4;2;1;0;0;0;22132803;13512810;8619993
29.04.2021;4788700;39737;4255714;4;2;1;0;0;0;22568172;13646398;8921774
30.04.2021;4820591;40131;4323897;4;2;1;0;0;0;22816891;13712254;9104637
1.05.2021;4849408;40504;4405199;5;2;0;1;1;1;22899046;13752107;9146939
2.05.2021;4875388;40844;4480381;5;2;0;1;0;1;23006734;13800405;9206329
3.05.2021;4900121;41191;4515819;5;2;1;0;0;0;23294477;13933868;9360609
4.05.2021;4929118;41527;4554037;5;2;1;0;0;0;23729113;14132161;9596952
5.05.2021;4955594;41883;4589501;5;2;1;0;0;0;24103883;14264014;9839869
6.05.2021;4977982;42187;4626799;5;2;1;0;0;0;24467719;14391595;10076124
7.05.2021;4998089;42465;4662328;5;2;1;0;0;0;24691044;14476881;10214163
8.05.2021;5016141;42746;4691224;5;2;0;1;0;1;24853353;14545524;10307829
9.05.2021;5031332;43029;4716918;5;2;0;1;0;1;24918773;14585980;10332793
10.05.2021;5044936;43311;4743871;5;2;1;0;0;0;25018078;14618167;10399911
11.05.2021;5059433;43589;4766124;5;2;1;0;0;0;25178674;14660551;10518123
12.05.2021;5072462;43821;4801291;5;2;1;0;1;1;25348875;14711273;10637602
13.05.2021;5083996;44059;4856763;5;2;1;0;1;1;25402277;14732527;10669750
14.05.2021;5095390;44301;4894024;5;2;1;0;1;1;25561998;14814316;10747682
15.05.2021;5106862;44537;4932838;5;2;0;1;1;1;25561998;14814316;10747682
16.05.2021;5117374;44760;4947256;5;2;0;1;0;1;25772743;14947740;10825003
17.05.2021;5127548;44983;4961120;5;2;1;0;0;0;26583428;14986982;10963952
18.05.2021;5139485;45186;4971245;5;2;1;0;0;0;26852520;15202819;11334344
19.05.2021;5151038;45419;4980516;5;2;1;0;1;1;27178319;15366071;11455389
20.05.2021;5160423;45626;4989787;5;2;1;0;0;0;27489420;15511277;11572097
21.05.2021;5169951;45840;4998639;5;2;1;0;0;0;27723390;15845849;11861030
22.05.2021;5178648;46071;5013111;5;2;0;1;0;1;27832125;15919759;11899188
23.05.2021;5186487;46268;5024313;5;2;0;1;0;1;28008426;15992804;11956352
24.05.2021;5194010;46446;5034316;5;2;1;0;0;0;28188234;16115588;12045647
25.05.2021;5203385;46621;5045508;5;2;1;0;0;0;28345435;16207167;12109355
26.05.2021;5212123;46787;5057713;5;2;1;0;0;0;28487024;16290770;12166350
27.05.2021;5220549;46970;5070815;5;2;1;0;0;0;28626803;16377100;12228353
28.05.2021;5228322;47134;5083099;5;2;1;0;0;0;28738163;16452864;12277313
29.05.2021;5235978;47271;5094279;5;2;0;1;0;1;28808853;16498868;12303813
30.05.2021;5242911;47405;5105042;5;2;0;1;0;1;29008143;16551775;12409186
31.05.2021;5249404;47527;5114624;5;2;1;0;0;0;29206339;16628831;12542712
1.06.2021;5256516;47656;5124081;6;3;1;0;0;0;29416836;16740180;12635505
2.06.2021;5263697;47768;5131453;6;3;1;0;0;0;29700391;16924374;12732685
3.06.2021;5270299;47882;5139993;6;3;1;0;0;0;30006432;17114320;12846001
4.06.2021;5276468;47976;5147610;6;3;1;0;0;0;30349196;17346890;12971620
5.06.2021;5282594;48068;5154771;6;3;0;1;0;1;30612099;17515705;13060357
6.06.2021;5287980;48164;5160774;6;3;0;1;0;1;30922706;17699837;13157483
7.06.2021;5293627;48255;5167350;6;3;1;0;0;0;31295280;17987842;13258481
8.06.2021;5300236;48341;5173186;6;3;1;0;0;0;31648941;18239386;13350452
9.06.2021;5306690;48428;5179833;6;3;1;0;0;0;32006166;18538800;13448541
10.06.2021;5313098;48524;5186728;6;3;1;0;0;0;32527059;18967237;13540335
11.06.2021;5319359;48593;5192945;6;3;1;0;0;0;33052969;19349257;13603734
12.06.2021;5325435;48668;5198057;6;3;0;1;0;1;33499660;19761182;13666980
13.06.2021;5330447;48721;5202251;6;3;0;1;0;1;34120085;20318690;13733999
14.06.2021;5336073;48795;5206836;6;3;1;0;0;0;35046400;20963316;13814849
15.06.2021;5342028;48879;5211022;6;3;1;0;0;0;36403013;22268007;13973218
16.06.2021;5348249;48950;5215654;6;3;1;0;0;0;37862579;22268007;13973218
17.06.2021;5354153;49012;5219797;6;3;1;0;0;0;39527346;25225946;14220255
18.06.2021;5359728;49071;5224224;6;3;1;0;0;0;40620919;26301413;14317739
19.06.2021;5365208;49122;5228419;6;3;0;1;0;1;41202462;26824612;14370178
20.06.2021;5370299;49185;5232638;6;3;0;1;0;1;42090408;26824612;14370178
21.06.2021;5375593;49236;5237731;6;3;1;0;0;0;43208363;28629359;14545826
22.06.2021;5381736;49293;5242945;6;3;1;0;0;0;44142217;29462165;14617958
23.06.2021;5387545;49358;5248862;6;3;1;0;0;0;45005205;30267732;14683436
24.06.2021;5393248;49417;5254708;6;3;1;0;0;0;45904934;31090069;14741669
25.06.2021;5398878;49473;5261892;6;3;1;0;0;0;46631511;31090069;14741669
26.06.2021;5404144;49524;5269294;6;3;0;1;0;1;47071245;31838965;14795011
27.06.2021;5409027;49576;5275231;6;3;0;1;0;1;47840260;32857375;14915727
28.06.2021;5414310;49634;5280558;6;3;1;0;0;0;48726022;33693198;14988237
29.06.2021;5420156;49687;5287094;6;3;1;0;0;0;49430624;34344798;15056647
30.06.2021;5425652;49732;5294285;6;3;1;0;0;0;50047345;34715498;15110572
1.07.2021;5430940;49774;5300504;7;3;1;0;0;0;51302021;35315962;15336829
2.07.2021;5435831;49829;5305856;7;3;1;0;0;0;52094472;35315962;15336829
3.07.2021;5440368;49874;5310769;7;3;0;1;0;1;52471310;35673239;15522900
4.07.2021;5444786;49924;5314930;7;3;0;1;0;1;53226310;36084241;15779136
5.07.2021;5449464;49959;5319665;7;3;1;0;0;0;54194315;36416034;15962069
6.07.2021;5454763;49996;5324111;7;3;1;0;0;0;55025691;36416034;15962069
7.07.2021;5459923;50048;5328747;7;3;1;0;0;0;55832870;37028443;16347747
8.07.2021;5465094;50096;5333759;7;3;1;0;0;0;56677539;37318116;16639474
9.07.2021;5470764;50155;5338885;7;3;1;0;0;0;57259707;37318116;16639474
10.07.2021;5476294;50192;5344102;7;3;0;1;0;1;57605478;37644385;17070834
11.07.2021;5481555;50229;5349344;7;3;0;1;0;1;58233455;37811142;17350100
12.07.2021;5486959;50278;5354850;7;3;1;0;0;0;59116828;37811142;17350100
13.07.2021;5493244;50324;5360012;7;3;1;0;0;0;60062889;38337720;18356412
14.07.2021;5500151;50367;5365075;7;3;1;0;0;0;60867978;38498384;18864772
15.07.2021;5507455;50415;5370178;7;3;1;0;1;1;61774111;38665665;19553700
16.07.2021;5514373;50450;5375262;7;3;1;0;0;0;62600092;38808936;20139223
17.07.2021;5522039;50488;5380752;7;3;0;1;0;1;63111806;38900715;20552887
18.07.2021;5529719;50488;5380752;7;3;0;1;0;1;63542237;38965125;20832201
19.07.2021;5537386;50604;5390739;7;3;1;0;1;1;63777782;39024196;21095003
20.07.2021;5546166;50650;5395300;7;3;1;0;1;1;63931648;39047910;21217144
21.07.2021;5554317;50709;5400246;7;3;1;0;1;1;64050229;39102848;21441548
22.07.2021;5563903;50761;5405339;7;3;1;0;1;1;64776868;39196723;21809770
23.07.2021;5574997;50821;5410554;7;3;1;0;1;1;65334421;39320939;22267239
24.07.2021;5587378;50879;5415937;7;3;0;1;0;1;65884214;39413330;22597613
25.07.2021;5601608;50934;5421148;7;3;0;1;0;1;66815841;39597116;23273023
26.07.2021;5618417;50997;5426733;7;3;1;0;0;0;68176683;39836563;24108507
27.07.2021;5638178;51048;5433841;7;3;1;0;0;0;69055457;39836563;24108507
28.07.2021;5660469;51124;5438038;7;3;1;0;0;0;70507018;40330955;25566171
29.07.2021;5682630;51184;5443501;7;3;1;0;0;0;71902375;40661999;26437993
30.07.2021;5704713;51253;5449253;7;3;1;0;0;0;72897134;40661999;26437993
31.07.2021;5727045;51332;5454360;7;3;0;1;0;1;73296729;41012715;27355633
1.08.2021;5747935;51428;5459899;8;3;0;1;0;1;73631196;41062834;27472822
2.08.2021;5770833;51519;5465846;8;3;1;0;0;0;73962498;41165345;27655792
3.08.2021;5795665;51645;5472089;8;3;1;0;0;0;74217003;41244045;27748111
4.08.2021;5822487;51767;5478185;8;3;1;0;0;0;74651367;41306343;27834147
5.08.2021;5846784;51875;5478188;8;3;1;0;0;0;75306026;41346860;27921501
6.08.2021;5870741;51976;5478191;8;3;1;0;0;0;75747801;41490596;28250858
7.08.2021;5895841;52088;5478194;8;3;0;1;0;1;76053854;41632116;28572955
8.08.2021;5918540;52088;5478197;8;3;0;1;0;1;76895056;41726338;28777993
9.08.2021;5942271;52313;5478200;8;3;1;0;0;0;78410814;41874764;29098283
10.08.2021;5968868;52437;5478203;8;3;1;0;0;0;79762970;42333084;30045631
11.08.2021;5996224;52565;5478206;8;3;1;0;0;0;80998977;42732950;30819342
12.08.2021;6018485;52703;5478209;8;3;1;0;0;0;82129949;43304840;31782995
13.08.2021;6039857;52860;5478212;8;3;1;0;0;0;82920025;43493299;32095253
14.08.2021;6059806;53005;5478215;8;3;0;1;0;1;83379849;43784866;32546912
15.08.2021;6078653;53159;5478218;8;3;0;1;0;1;84092070;43784866;32546912
16.08.2021;6096816;53324;5478221;8;3;1;0;0;0;85103056;44187137;33140399
17.08.2021;6118508;53507;5478224;8;3;1;0;0;0;86008657;44522947;33557585
18.08.2021;6138452;53675;5478227;8;3;1;0;0;0;86797078;45025676;34128107
19.08.2021;6157772;53891;5478230;8;3;1;0;0;0;87583655;45304742;34446015
20.08.2021;6177690;54095;5478233;8;3;1;0;0;0;88175325;45636614;34791602
21.08.2021;6197041;54327;5478236;8;3;0;1;0;1;88515085;45796679;34963740
22.08.2021;6215663;54533;5478239;8;3;0;1;0;1;89130177;45936819;35099244
23.08.2021;6234520;54765;5478242;8;3;1;0;0;0;89944029;46317869;35408683
24.08.2021;6253711;54995;5478245;8;3;1;0;0;0;90639096;46649044;35672814
25.08.2021;6273681;55212;5478248;8;3;1;0;0;0;91081547;46949549;35908553
26.08.2021;6293297;55469;5478251;8;3;1;0;0;0;91747545;47247097;36145891
27.08.2021;6311637;55713;5478254;8;3;1;0;0;0;92391003;47247097;36145891
28.08.2021;6329549;55958;5478257;8;3;0;1;0;1;92710374;47528894;36388775
29.08.2021;6346881;56213;5478260;8;3;0;1;0;1;93004856;47797199;36636290
30.08.2021;6366438;56458;5478263;8;3;1;0;1;1;93318338;47929111;36765581
31.08.2021;6388331;56710;5478266;8;3;1;0;0;0;94167554;48271065;37089601
1.09.2021;6412277;57000;5478270;9;4;1;0;0;0;94873884;48563507;37368108
2.09.2021;6435773;57283;5478274;9;4;1;0;0;0;95565306;48854935;37645172
3.09.2021;6458630;57559;5478278;9;4;1;0;0;0;96378383;49197925;37976800
4.09.2021;6478663;57837;5478282;9;4;0;1;0;1;96761208;49376328;38141442
5.09.2021;6498054;58106;5478286;9;4;0;1;0;1;97113297;49551529;38288329
6.09.2021;6519016;58377;5478290;9;4;1;0;0;0;97981595;49946816;38628745
7.09.2021;6542654;58651;5478294;9;4;1;0;0;0;98828646;50324643;38978541
8.09.2021;6566568;58913;5478298;9;4;1;0;0;0;99582607;50324643;38978541
9.09.2021;6590414;59170;5478302;9;4;1;0;0;0;100267925;50930700;39599848
10.09.2021;6613976;59384;5478306;9;4;1;0;0;0;101048667;51234095;39963236
11.09.2021;6636899;59643;5478310;9;4;0;1;0;1;101454754;51411717;40158373
12.09.2021;6658251;59886;5478314;9;4;0;1;0;1;101748658;51536013;40305712
13.09.2021;6682864;60117;5478318;9;4;1;0;0;0;102431607;51780811;40635924
14.09.2021;6710666;60393;5478322;9;4;1;0;0;0;103001616;51979208;40921431
15.09.2021;6738890;60641;5478326;9;4;1;0;0;0;103526811;52153868;41182546
16.09.2021;6767008;60903;5478330;9;4;1;0;0;0;104020938;52315108;41435326
17.09.2021;6794700;61140;5478334;9;4;1;0;0;0;104593216;52497989;41739242
18.09.2021;6820861;61361;5478338;9;4;0;1;0;1;104894094;52601310;41902917
19.09.2021;6847259;61574;5478342;9;4;0;1;0;1;105110950;52672498;42024517
20.09.2021;6874947;61805;5478346;9;4;1;0;0;0;105611261;52824748;42286431
21.09.2021;6904285;62065;5478350;9;4;1;0;0;0;106066262;52956452;42536503
22.09.2021;6932453;62307;5478354;9;4;1;0;0;0;106492764;53076143;42774152
23.09.2021;6960297;62524;5478358;9;4;1;0;0;0;106893726;53185113;43002194
24.09.2021;6987494;62745;5478362;9;4;1;0;0;0;107380295;53317014;43285677
25.09.2021;7013639;62938;5478366;9;4;0;1;0;1;107641923;53390829;43439793
26.09.2021;7039500;63166;5478370;9;4;0;1;0;1;107840404;53443024;43560247
27.09.2021;7066688;63372;5478374;9;4;1;0;0;0;108305902;53556013;43813987
28.09.2021;7095580;63611;5478378;9;4;1;0;0;0;108734111;53658331;44059772
29.09.2021;7124966;63838;5478382;9;4;1;0;0;0;108734111;53658331;44059772
30.09.2021;7154070;64054;5478386;9;4;1;0;0;0;109495613;53840659;44498344
1.10.2021;7182943;64264;5478390;10;4;1;0;0;0;109925744;53941450;44758512
2.10.2021;7210916;64467;5478394;10;4;0;1;0;1;110159938;53997429;44910311
3.10.2021;7238267;64661;5478398;10;4;0;1;0;1;110333793;54038516;45023309
4.10.2021;7267077;64909;5478402;10;4;1;0;0;0;110745658;54140738;45258194
5.10.2021;7296879;65137;5478406;10;4;1;0;0;0;111078323;54214776;45454130
6.10.2021;7327317;65373;5478410;10;4;1;0;0;0;111391198;54284532;45638744
7.10.2021;7357336;65590;5478414;10;4;1;0;0;0;111674310;54347957;45807085
8.10.2021;7387537;65778;5478418;10;4;1;0;0;0;112037763;54427081;46030897
9.10.2021;7416182;65984;5478422;10;4;0;1;0;1;112225352;54467941;46156214
10.10.2021;7444552;66180;5478426;10;4;0;1;0;1;112360409;54497626;46245192
11.10.2021;7475115;66368;5478430;10;4;1;0;0;0;112666626;54565515;46435265
12.10.2021;7508975;66605;5478434;10;4;1;0;0;0;112941094;54565515;46435265
13.10.2021;7540223;66841;5478438;10;4;1;0;0;0;113183300;54679606;46775005
14.10.2021;7570932;67044;5478442;10;4;1;0;0;0;113418257;54734206;46926728
15.10.2021;7601626;67225;5478446;10;4;1;0;0;0;113709533;54799554;47119099
16.10.2021;7630163;67437;5478450;10;4;0;1;0;1;113862236;54833779;47226488
17.10.2021;7654277;67623;5478454;10;4;0;1;0;1;113971512;54858848;47303190
18.10.2021;7683517;67837;5478458;10;4;1;0;0;0;114207634;54914321;47450026
19.10.2021;7714379;68060;5478462;10;4;1;0;0;0;114425692;54966932;47585869
20.10.2021;7744139;68274;5478466;10;4;1;0;0;0;114620510;55013831;47704367
21.10.2021;7772604;68472;5478470;10;4;1;0;0;0;114807774;55059732;47817661
22.10.2021;7800796;68700;5478474;10;4;1;0;0;0;115040699;55115287;47962680
23.10.2021;7827013;68917;5478478;10;4;0;1;0;1;115164597;55144241;48043489
24.10.2021;7851805;69112;5478482;10;4;0;1;0;1;115255712;55164675;48100346
25.10.2021;7879468;69344;5478486;10;4;1;0;0;0;115480511;55214596;48218503
26.10.2021;7909111;69559;5478490;10;4;1;0;0;0;115674594;55256541;48319754
27.10.2021;7936007;69769;5478494;10;4;1;0;0;0;115861861;55297093;48418126
28.10.2021;7961535;69998;5478498;10;4;1;0;1;1;116023796;55332860;48505748
29.10.2021;7985944;70207;5478502;10;4;1;0;1;1;116210213;55375923;48614256
30.10.2021;8009040;70410;5478506;10;4;0;1;0;1;116280951;55392343;48655853
31.10.2021;8032988;70611;5478510;10;4;0;1;0;1;116486234;55437166;48758456
1.11.2021;8061666;70828;5478514;11;4;1;0;0;0;116123219;55355972;48563435
2.11.2021;8091462;71052;5478518;11;4;1;0;0;0;116663497;55437166;48758456
3.11.2021;8121226;71298;5478522;11;4;1;0;0;0;116831329;55513911;48927418
4.11.2021;8150708;71526;5478526;11;4;1;0;0;0;117008424;55549947;49007760
5.11.2021;8178901;71724;5478530;11;4;1;0;0;0;117223420;55591906;49107343
6.11.2021;8206375;71927;5478534;11;4;0;1;0;1;117311720;55610309;49155101
7.11.2021;8231679;72127;5478538;11;4;0;1;0;1;117378532;55610309;49155101
8.11.2021;8259503;72314;5478542;11;4;1;0;0;0;117562317;55663530;49270114
9.11.2021;8288165;72510;5478546;11;4;1;0;0;0;117723821;55697102;49341966
10.11.2021;8315424;72713;5478550;11;4;1;0;0;0;117866846;55726882;49405070
11.11.2021;8340322;72910;5478554;11;4;1;0;0;0;118029902;55757564;49472726
12.11.2021;8363959;73127;5478558;11;4;1;0;0;0;118219170;55757564;49472726
13.11.2021;8386542;73342;5478562;11;4;0;1;0;1;118302677;55793328;49554129
14.11.2021;8408166;73531;5478566;11;4;0;1;0;1;118367035;55824402;49626098
15.11.2021;8432018;73746;5478570;11;4;1;0;0;0;118559680;55867039;49707889
16.11.2021;8457119;73973;5478574;11;4;1;0;0;0;118727805;55904542;49777801
17.11.2021;8480986;74202;5478578;11;4;1;0;0;0;118883070;55939336;49842072
18.11.2021;8503220;74428;5478582;11;4;1;0;0;0;119029798;55972966;49904400
19.11.2021;8527030;74646;5478586;11;4;1;0;0;0;119200467;56011115;49979995
20.11.2021;8550377;74847;5478590;11;4;0;1;0;1;119272284;56011115;49979995
21.11.2021;8571554;75042;5478594;11;4;0;1;0;1;119327719;56038139;50037605
22.11.2021;8596410;75235;5478598;11;4;1;0;0;0;119473872;56067208;50093635
23.11.2021;8624580;75443;5478602;11;4;1;0;0;0;119602103;56093801;50144041
24.11.2021;8652172;75618;5478606;11;4;1;0;0;0;119726075;56119518;50192722
25.11.2021;8676639;75840;5478610;11;4;1;0;0;0;119844933;56144078;50240356
26.11.2021;8700641;76041;5478614;11;4;1;0;0;0;119987705;56173117;50298544
27.11.2021;8724400;76233;5478618;11;4;0;1;0;1;120058425;56173117;50298544
28.11.2021;8746055;76446;5478622;11;4;0;1;0;1;120114498;56201040;50354168
29.11.2021;8770372;76635;5478626;11;4;1;0;0;0;120261629;56232602;50409060
30.11.2021;8795588;76842;5478630;11;4;1;0;0;0;120390651;56261687;50458355
1.12.2021;8818144;77038;5478631;12;1;1;0;0;0;120516813;56288895;50505240
2.12.2021;8839891;77230;5478632;12;1;1;0;0;0;120640853;56314900;50550332
3.12.2021;8861386;77417;5478633;12;1;1;0;0;0;120788673;56314900;50550332
4.12.2021;8881760;77645;5478634;12;1;0;1;0;1;120857540;56346149;50605933
5.12.2021;8901117;77830;5478635;12;1;0;1;0;1;120910438;56371961;50653666
6.12.2021;8921150;78017;5478636;12;1;1;0;0;0;121042428;56398458;50698978
7.12.2021;8943837;78215;5478637;12;1;1;0;0;0;121160790;56422378;50740424
8.12.2021;8964711;78407;5478638;12;1;1;0;0;0;121276848;56445351;50780761
9.12.2021;8984407;78602;5478639;12;1;1;0;0;0;121394026;56468112;50821293
10.12.2021;9002968;78778;5478640;12;1;1;0;0;0;121532728;56468112;50821293
11.12.2021;9022223;78969;5478641;12;1;0;1;0;1;121600540;56507792;50896427
12.12.2021;9040179;79151;5478642;12;1;0;1;0;1;121655651;56517947;50916147
13.12.2021;9058975;79322;5478643;12;1;1;0;0;0;121804033;56544501;50961533
14.12.2021;9080452;79503;5478644;12;1;1;0;0;0;121935289;56569332;51003175
15.12.2021;9100324;79696;5478645;12;1;1;0;0;0;122037127;56588506;51036485
16.12.2021;9118424;79863;5478646;12;1;1;0;0;0;122393466;56588506;51036485
17.12.2021;9136565;80053;5478647;12;1;1;0;0;0;123144781;56610525;51073891
18.12.2021;9154209;80244;5478648;12;1;0;1;0;1;123625349;56636507;51119629
19.12.2021;9171119;80415;5478649;12;1;0;1;0;1;124058691;56660272;51161679
20.12.2021;9189881;80591;5478650;12;1;1;0;0;0;124912525;56660272;51161679
21.12.2021;9209740;80778;5478651;12;1;1;0;0;0;125761472;56708402;51242632
22.12.2021;9228835;80957;5478652;12;1;1;0;0;0;126565703;56731257;51282294
23.12.2021;9247606;81125;5478653;12;1;1;0;0;0;127285128;56753275;51321064
24.12.2021;9266516;81258;5478654;12;1;1;0;0;0;127994715;56777545;51365908
25.12.2021;9286986;81258;5478655;12;1;0;1;0;1;128349256;56789326;51387150
26.12.2021;9307124;81576;5478656;12;1;0;1;0;1;128654886;56799280;51405278
27.12.2021;9333223;81733;5478657;12;1;1;0;0;0;129332845;56823081;51447094
28.12.2021;9365399;81917;5478658;12;1;1;0;0;0;129972508;56823081;51447094
29.12.2021;9402083;81917;5478659;12;1;1;0;0;0;130571857;56867625;51527171
30.12.2021;9441764;82198;5478660;12;1;1;0;0;0;131134774;56890943;51565713
31.12.2021;9482550;82361;5478661;12;1;1;0;0;0;131646005;56890943;51565713
1.01.2022;9519281;82506;5478662;1;1;0;1;1;1;131930475;56914268;51604894
2.01.2022;9552801;82635;5478663;1;1;0;1;0;1;132215015;56914268;51604894
3.01.2022;9597670;82795;5478664;1;1;1;0;0;0;132897714;56960334;51677320
4.01.2022;9652394;82932;5478665;1;1;1;0;0;0;133551202;56960334;51677320
5.01.2022;9718861;83075;5478666;1;1;1;0;0;0;134195065;57009739;51756893
6.01.2022;9787274;83231;5478667;1;1;1;0;0;0;134863259;57036087;51798496
7.01.2022;9850488;83388;5478668;1;1;1;0;0;0;135618050;57067961;51847785
8.01.2022;9916725;83529;5478669;1;1;0;1;0;1;135997933;57086572;51872868
9.01.2022;9978452;83702;5478670;1;1;0;1;0;1;136281040;57086572;51872868
10.01.2022;10043688;83843;5478671;1;1;1;0;0;0;136898878;57130601;51937001
11.01.2022;10117954;83980;5478672;1;1;1;0;0;0;137428160;57157272;51976752
12.01.2022;10195676;84125;5478673;1;1;1;0;0;0;137891835;57182206;52016406
13.01.2022;10271240;84278;5478674;1;1;1;0;0;0;138326318;57205214;52051409
14.01.2022;10339097;84278;5478675;1;1;1;0;0;0;138826560;57205214;52051409
15.01.2022;10403064;84622;5478676;1;1;0;1;0;1;139071821;57232010;52092874
16.01.2022;10457164;84758;5478677;1;1;0;1;0;1;139230188;57245214;52112351
17.01.2022;10522099;84920;5478678;1;1;1;0;0;0;139578409;57271832;52155792
18.01.2022;10591757;85077;5478679;1;1;1;0;0;0;139865637;57288097;52182212
19.01.2022;10664372;85253;5478680;1;1;1;0;0;0;140087559;57300231;52201758
20.01.2022;10736215;85419;5478681;1;1;1;0;0;0;140311232;57300231;52201758
21.01.2022;10808770;85600;5478682;1;1;1;0;0;0;140556373;57312984;52222180
22.01.2022;10881626;85784;5478683;1;1;0;1;0;1;140665664;57325861;52244190
23.01.2022;10947129;85969;5478684;1;1;0;1;0;1;140743552;57336203;52262703
24.01.2022;11014152;86125;5478685;1;1;1;0;0;0;140938758;57349728;52282544
25.01.2022;11090493;86299;5478686;1;1;1;0;0;0;141098118;57361027;52299996
26.01.2022;11167927;86487;5478687;1;1;1;0;0;0;141252329;57371915;52317284
27.01.2022;11250107;86661;5478688;1;1;1;0;0;0;141416957;57383642;52335677
28.01.2022;11343693;86871;5478689;1;1;1;0;0;0;141612186;57396805;52357621
29.01.2022;11438476;87045;5478690;1;1;0;1;0;1;141703801;57402431;52367432
30.01.2022;11526621;87234;5478691;1;1;0;1;0;1;141778517;57402431;52367432
31.01.2022;11619882;87416;5478692;1;1;1;0;0;0;141981790;57407159;52375810
1.02.2022;11722483;87614;5478693;2;1;1;0;0;0;142171571;57437044;52422425
2.02.2022;11833165;87831;5478694;2;1;1;0;0;0;142348958;57437044;52422425
3.02.2022;11940695;88064;5478695;2;1;1;0;0;0;142522697;57464203;52464047
4.02.2022;12051852;88312;5478696;2;1;1;0;0;0;142735468;57464203;52464047
5.02.2022;12150567;88533;5478697;2;1;0;1;0;1;142833393;57480352;52489431
6.02.2022;12238501;88734;5478698;2;1;0;1;0;1;142910046;57491657;52509065
7.02.2022;12335015;88970;5478699;2;1;1;0;0;0;143125638;57505252;52530366
8.02.2022;12446111;89211;5478700;2;1;1;0;0;0;143303935;57517069;52548851
9.02.2022;12554674;89477;5478701;2;1;1;0;0;0;143478985;57528865;52566932
10.02.2022;12653276;89741;5478702;2;1;1;0;0;0;143645420;57540072;52585057
11.02.2022;12748341;89994;5478703;2;1;1;0;0;0;143845934;57553305;52606514
12.02.2022;12834534;90266;5478704;2;1;0;1;0;1;143940936;57559910;52616197
13.02.2022;12908321;90542;5478705;2;1;0;1;0;1;144007120;57564527;52623391
14.02.2022;12984953;90808;5478706;2;1;1;0;0;0;144173367;57576058;52640859
15.02.2022;13079683;91117;5478707;2;1;1;0;0;0;144173367;57586821;52657210
16.02.2022;13173859;91388;5478708;2;1;1;0;0;0;144173367;57596845;52672756
17.02.2022;13266265;91646;5478709;2;1;1;0;0;0;144599375;57605406;52685959
18.02.2022;13353676;91910;5478710;2;1;1;0;0;0;144730193;57605406;52685959
19.02.2022;13434130;92188;5478711;2;1;0;1;0;1;144799530;57619810;52709583
20.02.2022;13504485;92451;5478712;2;1;0;1;0;1;144850157;57623451;52715583
21.02.2022;13589511;92719;5478713;2;1;1;0;0;0;144999620;57634087;52732078
22.02.2022;13675581;92990;5478714;2;1;1;0;0;0;145128369;57643606;52746699
23.02.2022;13762181;93258;5478715;2;1;1;0;0;0;145243896;57652077;52760079
24.02.2022;13841889;93539;5478716;2;1;1;0;0;0;145344212;57659736;52771929
25.02.2022;13913625;93805;5478717;2;1;1;0;0;0;145454202;57668314;52786023
26.02.2022;13975389;94026;5478718;2;1;0;1;0;1;145503292;57672341;52792845
27.02.2022;14025181;94232;5478719;2;1;0;1;0;1;145537442;57675034;52797530
28.02.2022;14089456;94445;5478720;2;1;1;0;0;0;145631632;57675034;52797530
1.03.2022;14149341;94648;5478722;3;2;1;0;0;0;145719490;57690044;52821088
2.03.2022;14206121;94837;5478724;3;2;1;0;0;0;145801884;57696907;52832010
3.03.2022;14255545;95025;5478726;3;2;1;0;0;0;145870323;57702481;52841206
4.03.2022;14293828;95205;5478728;3;2;1;0;0;0;145943346;57702481;52841206
5.03.2022;14326217;95379;5478730;3;2;0;1;0;1;145972393;57710714;52855894
6.03.2022;14353888;95549;5478732;3;2;0;1;0;1;145990177;57712192;52858604
7.03.2022;14388231;95681;5478734;3;2;1;0;0;0;146048178;57717026;52866807
8.03.2022;14425638;95811;5478736;3;2;1;0;0;0;146097881;57717026;52866807
9.03.2022;14458881;95954;5478738;3;2;1;0;0;0;146144478;57725502;52880970
10.03.2022;14488373;96094;5478740;3;2;1;0;0;0;146183069;57729220;52886909
11.03.2022;14513774;96217;5478742;3;2;1;0;0;0;146222195;57732735;52893442
12.03.2022;14534239;96349;5478744;3;2;0;1;0;1;146235452;57733973;52895872
13.03.2022;14551665;96487;5478746;3;2;0;1;0;1;146243976;57734779;52897465
14.03.2022;14576069;96620;5478748;3;2;1;0;0;0;146273906;57737917;52902566
15.03.2022;14600683;96735;5478750;3;2;1;0;0;0;146304093;57740810;52907403
16.03.2022;14623028;96853;5478752;3;2;1;0;0;0;146336317;57743879;52912588
17.03.2022;14644382;96954;5478754;3;2;1;0;0;0;146377975;57747211;52918230
18.03.2022;14663508;97077;5478756;3;2;1;0;0;0;146421935;57750663;52924123
19.03.2022;14680836;97182;5478758;3;2;0;1;0;1;146435701;57752216;52926256
20.03.2022;14693917;97267;5478760;3;2;0;1;0;1;146446575;57753041;52927949
21.03.2022;14708850;97347;5478762;3;2;1;0;0;0;146503050;57756278;52934131
22.03.2022;14726276;97437;5478764;3;2;1;0;0;0;146561848;57759605;52939958
23.03.2022;14743437;97521;5478766;3;2;1;0;0;0;146561848;57762885;52945494
24.03.2022;14760331;97598;5478768;3;2;1;0;0;0;146675886;57765818;52950698
25.03.2022;14775634;97666;5478770;3;2;1;0;0;0;146733931;57768992;52956116
26.03.2022;14789483;97736;5478772;3;2;0;1;0;1;146751309;57770305;52958300
27.03.2022;14800677;97800;5478774;3;2;0;1;0;1;146762564;57770999;52959745
28.03.2022;14815041;97861;5478776;3;2;1;0;0;0;146823531;57773691;52964480
29.03.2022;14831231;97924;5478778;3;2;1;0;0;0;146881913;57776278;52968985
30.03.2022;14846224;97977;5478780;3;2;1;0;0;0;146940492;57778898;52973497
31.03.2022;14860560;98033;5478782;3;2;1;0;0;0;146940492;57781315;52977660
1.04.2022;14873927;98078;5478784;4;2;1;0;0;0;147057130;57781315;52977660
2.04.2022;14885710;98119;5478786;4;2;0;1;0;1;147064641;57781315;52977660
3.04.2022;14894731;98157;5478788;4;2;0;1;0;1;147070173;57785259;52984321
4.04.2022;14907378;98197;5478790;4;2;1;0;0;0;147097462;57786876;52986694
5.04.2022;14919591;98234;5478792;4;2;1;0;0;0;147122340;57788419;52989037
6.04.2022;14929905;98275;5478794;4;2;1;0;0;0;147147731;57788419;52989037
7.04.2022;14939259;98311;5478796;4;2;1;0;0;0;147171659;57791874;52994461
8.04.2022;14946379;98342;5478798;4;2;1;0;0;0;147197855;57791874;52994461
9.04.2022;14953365;98377;5478800;4;2;0;1;0;1;147206133;57791874;52994461
10.04.2022;14958974;98409;5478802;4;2;0;1;0;1;147211194;57794926;52999855
11.04.2022;14965867;98437;5478804;4;2;1;0;0;0;147235102;57796702;53002640
12.04.2022;14972502;98462;5478806;4;2;1;0;0;0;147257592;57798438;53005218
13.04.2022;14978031;98493;5478808;4;2;1;0;0;0;147279922;57800090;53007739
14.04.2022;14983158;98514;5478810;4;2;1;0;0;0;147301011;57801926;53010344
15.04.2022;14987583;98532;5478812;4;2;1;0;0;0;147322713;57801926;53010344
16.04.2022;14991669;98551;5478814;4;2;0;1;0;1;147329116;57801926;53010344
17.04.2022;14994937;98568;5478816;4;2;0;1;0;1;147333131;57804686;53014873
18.04.2022;14999479;98587;5478818;4;2;1;0;0;0;147351467;57806052;53016951
19.04.2022;15003696;98610;5478820;4;2;1;0;0;0;147369656;57807483;53019032
20.04.2022;15007364;98628;5478822;4;2;1;0;0;0;147386767;57808773;53020913
21.04.2022;15010718;98645;5478824;4;2;1;0;0;0;147402858;57810012;53022686
22.04.2022;15013616;98660;5478826;4;2;1;0;0;0;147418551;57810012;53022686
23.04.2022;15016270;98676;5478828;4;2;0;1;1;1;147423229;57811832;53025218
24.04.2022;15018547;98691;5478830;4;2;0;1;0;1;147426248;57812094;53025688
25.04.2022;15021151;98706;5478832;4;2;1;0;0;0;147441608;57813302;53027406
26.04.2022;15023662;98720;5478834;4;2;1;0;0;0;147455844;57814672;53029128
27.04.2022;15026141;98736;5478836;4;2;1;0;0;0;147470087;57815915;53030738
28.04.2022;15028397;98751;5478838;4;2;1;0;0;0;147482673;57817045;53032270
29.04.2022;15030321;98760;5478840;4;2;1;0;0;0;147495274;57818414;53034037
30.04.2022;15032093;98771;5478842;4;2;0;1;0;1;147498664;57818874;53034655
1.05.2022;15033573;98783;5478844;5;2;0;1;1;1;147499821;57818995;53034869
2.05.2022;15034917;98791;5478846;5;2;1;0;1;1;147501398;57819148;53035172
3.05.2022;15036110;98801;5478848;5;2;1;0;1;1;147505412;57819293;53035458
4.05.2022;15037242;98808;5478850;5;2;1;0;1;1;147505412;57819472;53035817
5.05.2022;15038495;98819;5478852;5;2;1;0;0;0;147520160;57820690;53037607
6.05.2022;15040238;98826;5478854;5;2;1;0;0;0;147536047;57822233;53039684
7.05.2022;15041899;98837;5478856;5;2;0;1;0;1;147540208;57822768;53040431
8.05.2022;15043379;98846;5478858;5;2;0;1;0;1;147542401;57823012;53040762
9.05.2022;15044921;98854;5478860;5;2;1;0;0;0;147560229;57824444;53042663
10.05.2022;15046779;98861;5478862;5;2;1;0;0;0;147576861;57825933;53044519
11.05.2022;15048449;98870;5478864;5;2;1;0;0;0;147592145;57827296;53046297
12.05.2022;15050227;98878;5478866;5;2;1;0;0;0;147606278;57828630;53047991
13.05.2022;15051761;98885;5478868;5;2;1;0;0;0;147620847;57830007;53049922
14.05.2022;15053168;98890;5478870;5;2;0;1;0;1;147623608;57830467;53050434
15.05.2022;15054322;98900;5478872;5;2;0;1;0;1;147625535;57830726;53050727
16.05.2022;15055576;98904;5478874;5;2;1;0;0;0;147638328;57832015;53052226
17.05.2022;15057184;98911;5478876;5;2;1;0;0;0;147650166;57833176;53053751
18.05.2022;15058627;98914;5478878;5;2;1;0;0;0;147661034;57834305;53055016
19.05.2022;15060112;98918;5478880;5;2;1;0;1;1;147663432;57834671;53055541
20.05.2022;15060112;98918;5478882;5;2;1;0;0;0;147663432;57834671;53055541
21.05.2022;15062393;98925;5478884;5;2;0;1;0;1;147677323;57836357;53057831
22.05.2022;15063298;98930;5478886;5;2;0;1;0;1;147678580;57836527;53058053
23.05.2022;15064220;98933;5478888;5;2;1;0;0;0;147687693;57837603;53059422
24.05.2022;15065524;98939;5478890;5;2;1;0;0;0;147697010;57838738;53060701
25.05.2022;15066784;98943;5478892;5;2;1;0;0;0;147705146;57839717;53061776
26.05.2022;15068094;98948;5478894;5;2;1;0;0;0;147711493;57840555;53062844
27.05.2022;15069034;98952;5478896;5;2;1;0;0;0;147717865;57841428;53063994
28.05.2022;15070000;98955;5478898;5;2;0;1;0;1;147719809;57841732;53064473
29.05.2022;15070864;98957;5478900;5;2;0;1;0;1;147720907;57841876;53064752
30.05.2022;15071772;98961;5478902;5;2;1;0;0;0;147728185;57842849;53066241
31.05.2022;15072747;98965;5478904;5;2;1;0;0;0;147734958;57843685;53067556